{
    "name": "root",
    "gauges": {
        "AgentControl.Policy.Entropy.mean": {
            "value": 1.3697285652160645,
            "min": 1.3697285652160645,
            "max": 1.4126625061035156,
            "count": 3
        },
        "AgentControl.Policy.Entropy.sum": {
            "value": 68020.71875,
            "min": 68020.71875,
            "max": 72815.6875,
            "count": 3
        },
        "AgentControl.Step.mean": {
            "value": 149985.0,
            "min": 49961.0,
            "max": 149985.0,
            "count": 3
        },
        "AgentControl.Step.sum": {
            "value": 149985.0,
            "min": 49961.0,
            "max": 149985.0,
            "count": 3
        },
        "AgentControl.Policy.ExtrinsicValueEstimate.mean": {
            "value": 1.8001110553741455,
            "min": 0.8477416038513184,
            "max": 1.8001110553741455,
            "count": 3
        },
        "AgentControl.Policy.ExtrinsicValueEstimate.sum": {
            "value": 4523.67919921875,
            "min": 847.7415771484375,
            "max": 4523.67919921875,
            "count": 3
        },
        "AgentControl.Environment.EpisodeLength.mean": {
            "value": 18.891762833267013,
            "min": 18.891762833267013,
            "max": 99.83064516129032,
            "count": 3
        },
        "AgentControl.Environment.EpisodeLength.sum": {
            "value": 47475.0,
            "min": 47475.0,
            "max": 49516.0,
            "count": 3
        },
        "AgentControl.Environment.CumulativeReward.mean": {
            "value": 2.0,
            "min": 1.993939393939394,
            "max": 2.0,
            "count": 3
        },
        "AgentControl.Environment.CumulativeReward.sum": {
            "value": 5026.0,
            "min": 987.0,
            "max": 5026.0,
            "count": 3
        },
        "AgentControl.Policy.ExtrinsicReward.mean": {
            "value": 2.0,
            "min": 1.993939393939394,
            "max": 2.0,
            "count": 3
        },
        "AgentControl.Policy.ExtrinsicReward.sum": {
            "value": 5026.0,
            "min": 987.0,
            "max": 5026.0,
            "count": 3
        },
        "AgentControl.Losses.PolicyLoss.mean": {
            "value": 0.027418741507378098,
            "min": 0.024389021800986184,
            "max": 0.027418741507378098,
            "count": 3
        },
        "AgentControl.Losses.PolicyLoss.sum": {
            "value": 0.13709370753689049,
            "min": 0.10218667438585367,
            "max": 0.13709370753689049,
            "count": 3
        },
        "AgentControl.Losses.ValueLoss.mean": {
            "value": 0.0006197567695441345,
            "min": 0.0006197567695441345,
            "max": 0.030829421746911424,
            "count": 3
        },
        "AgentControl.Losses.ValueLoss.sum": {
            "value": 0.0030987838477206727,
            "min": 0.0030987838477206727,
            "max": 0.1233176869876457,
            "count": 3
        },
        "AgentControl.Policy.LearningRate.mean": {
            "value": 0.00022516766494411997,
            "min": 0.00022516766494411997,
            "max": 0.00028372905542364997,
            "count": 3
        },
        "AgentControl.Policy.LearningRate.sum": {
            "value": 0.0011258383247206,
            "min": 0.0011258383247206,
            "max": 0.0012798858733713999,
            "count": 3
        },
        "AgentControl.Policy.Epsilon.mean": {
            "value": 0.17505588,
            "min": 0.17505588,
            "max": 0.19457634999999998,
            "count": 3
        },
        "AgentControl.Policy.Epsilon.sum": {
            "value": 0.8752793999999999,
            "min": 0.7783053999999999,
            "max": 0.9266285999999999,
            "count": 3
        },
        "AgentControl.Policy.Beta.mean": {
            "value": 0.0037552884120000004,
            "min": 0.0037552884120000004,
            "max": 0.004729359865,
            "count": 3
        },
        "AgentControl.Policy.Beta.sum": {
            "value": 0.018776442060000002,
            "min": 0.018776442060000002,
            "max": 0.021338767140000003,
            "count": 3
        },
        "AgentControl.IsTraining.mean": {
            "value": 1.0,
            "min": 1.0,
            "max": 1.0,
            "count": 3
        },
        "AgentControl.IsTraining.sum": {
            "value": 1.0,
            "min": 1.0,
            "max": 1.0,
            "count": 3
        }
    },
    "metadata": {
        "timer_format_version": "0.1.0",
        "start_time_seconds": "1751291744",
        "python_version": "3.9.13 (tags/v3.9.13:6de2ca5, May 17 2022, 16:36:42) [MSC v.1929 64 bit (AMD64)]",
        "command_line_arguments": "C:\\Users\\user\\Desktop\\MyGames\\MLAgent\\MLvenv\\Scripts\\mlagents-learn --run-id =PelletGrabberRun6",
        "mlagents_version": "0.30.0",
        "mlagents_envs_version": "0.30.0",
        "communication_protocol_version": "1.5.0",
        "pytorch_version": "2.7.1+cpu",
        "numpy_version": "1.21.2",
        "end_time_seconds": "1751291939"
    },
    "total": 195.0603663,
    "count": 1,
    "self": 0.01149669999998082,
    "children": {
        "run_training.setup": {
            "total": 0.04028319999999974,
            "count": 1,
            "self": 0.04028319999999974
        },
        "TrainerController.start_learning": {
            "total": 195.0085864,
            "count": 1,
            "self": 0.17048069999961513,
            "children": {
                "TrainerController._reset_env": {
                    "total": 17.8756869,
                    "count": 1,
                    "self": 17.8756869
                },
                "TrainerController.advance": {
                    "total": 176.60759200000038,
                    "count": 5390,
                    "self": 0.16946130000053472,
                    "children": {
                        "env_step": {
                            "total": 127.7150294999995,
                            "count": 5390,
                            "self": 122.92888709999947,
                            "children": {
                                "SubprocessEnvManager._take_step": {
                                    "total": 4.692525200000485,
                                    "count": 5390,
                                    "self": 0.3042976999999034,
                                    "children": {
                                        "TorchPolicy.evaluate": {
                                            "total": 4.388227500000582,
                                            "count": 2387,
                                            "self": 4.388227500000582
                                        }
                                    }
                                },
                                "workers": {
                                    "total": 0.09361719999954943,
                                    "count": 5389,
                                    "self": 0.0,
                                    "children": {
                                        "worker_root": {
                                            "total": 115.52662539999993,
                                            "count": 5389,
                                            "is_parallel": true,
                                            "self": 70.19153609999972,
                                            "children": {
                                                "steps_from_proto": {
                                                    "total": 0.002509400000000994,
                                                    "count": 1,
                                                    "is_parallel": true,
                                                    "self": 0.0008340000000011116,