{
    "name": "root",
    "gauges": {
        "AgentControl.Policy.Entropy.mean": {
            "value": 1.3843010663986206,
            "min": 1.3843010663986206,
            "max": 1.4108374118804932,
            "count": 3
        },
        "AgentControl.Policy.Entropy.sum": {
            "value": 69194.2890625,
            "min": 69194.2890625,
            "max": 73546.953125,
            "count": 3
        },
        "AgentControl.Environment.EpisodeLength.mean": {
            "value": 151.2,
            "min": 151.2,
            "max": 155.0612244897959,
            "count": 2
        },
        "AgentControl.Environment.EpisodeLength.sum": {
            "value": 1512.0,
            "min": 1512.0,
            "max": 22794.0,
            "count": 2
        },
        "AgentControl.Step.mean": {
            "value": 149967.0,
            "min": 49949.0,
            "max": 149967.0,
            "count": 3
        },
        "AgentControl.Step.sum": {
            "value": 149967.0,
            "min": 49949.0,
            "max": 149967.0,
            "count": 3
        },
        "AgentControl.Policy.ExtrinsicValueEstimate.mean": {
            "value": -0.33758607506752014,
            "min": -1.1367422342300415,
            "max": -0.33758607506752014,
            "count": 3
        },
        "AgentControl.Policy.ExtrinsicValueEstimate.sum": {
            "value": -263.65472412109375,
            "min": -970.7778930664062,
            "max": -263.65472412109375,
            "count": 3
        },
        "AgentControl.Environment.CumulativeReward.mean": {
            "value": 7.0,
            "min": 5.816326530612245,
            "max": 7.0,
            "count": 2
        },
        "AgentControl.Environment.CumulativeReward.sum": {
            "value": 70.0,
            "min": 70.0,
            "max": 855.0,
            "count": 2
        },
        "AgentControl.Policy.ExtrinsicReward.mean": {
            "value": 7.0,
            "min": 5.816326530612245,
            "max": 7.0,
            "count": 2
        },
        "AgentControl.Policy.ExtrinsicReward.sum": {
            "value": 70.0,
            "min": 70.0,
            "max": 855.0,
            "count": 2
        },
        "AgentControl.Losses.PolicyLoss.mean": {
            "value": 0.0271894075597326,
            "min": 0.02162974229858567,
            "max": 0.0271894075597326,
            "count": 3
        },
        "AgentControl.Losses.PolicyLoss.sum": {
            "value": 0.135947037798663,
            "min": 0.08751629202231538,
            "max": 0.135947037798663,
            "count": 3
        },
        "AgentControl.Losses.ValueLoss.mean": {
            "value": 0.0006654811447757917,
            "min": 0.0006654811447757917,
            "max": 1.1492317890691937,
            "count": 3
        },
        "AgentControl.Losses.ValueLoss.sum": {
            "value": 0.003327405723878959,
            "min": 0.003327405723878959,
            "max": 4.596927156276775,
            "count": 3
        },
        "AgentControl.Policy.LearningRate.mean": {
            "value": 0.00022484222505259996,
            "min": 0.00022484222505259996,
            "max": 0.00028359030546989993,
            "count": 3
        },
        "AgentControl.Policy.LearningRate.sum": {
            "value": 0.0011242111252629998,
            "min": 0.0011242111252629998,
            "max": 0.0012790482736506,
            "count": 3
        },
        "AgentControl.Policy.Epsilon.mean": {
            "value": 0.17494740000000003,
            "min": 0.17494740000000003,
            "max": 0.19453010000000004,
            "count": 3
        },
        "AgentControl.Policy.Epsilon.sum": {
            "value": 0.8747370000000001,
            "min": 0.7781204000000002,
            "max": 0.9263494000000001,
            "count": 3
        },
        "AgentControl.Policy.Beta.mean": {
            "value": 0.0037498752600000004,
            "min": 0.0037498752600000004,
            "max": 0.00472705199,
            "count": 3
        },
        "AgentControl.Policy.Beta.sum": {
            "value": 0.018749376300000002,
            "min": 0.018749376300000002,
            "max": 0.02132483506,
            "count": 3
        },
        "AgentControl.IsTraining.mean": {
            "value": 1.0,
            "min": 1.0,
            "max": 1.0,
            "count": 3
        },
        "AgentControl.IsTraining.sum": {
            "value": 1.0,
            "min": 1.0,
            "max": 1.0,
            "count": 3
        }
    },
    "metadata": {
        "timer_format_version": "0.1.0",
        "start_time_seconds": "1751290670",
        "python_version": "3.9.13 (tags/v3.9.13:6de2ca5, May 17 2022, 16:36:42) [MSC v.1929 64 bit (AMD64)]",
        "command_line_arguments": "C:\\Users\\user\\Desktop\\MyGames\\MLAgent\\MLvenv\\Scripts\\mlagents-learn --run-id =PelletGrabberRun3",
        "mlagents_version": "0.30.0",
        "mlagents_envs_version": "0.30.0",
        "communication_protocol_version": "1.5.0",
        "pytorch_version": "2.7.1+cpu",
        "numpy_version": "1.21.2",
        "end_time_seconds": "1751290813"
    },
    "total": 142.9877649,
    "count": 1,
    "self": 0.012401899999986199,
    "children": {
        "run_training.setup": {
            "total": 0.05080770000000001,
            "count": 1,
            "self": 0.05080770000000001
        },
        "TrainerController.start_learning": {
            "total": 142.9245553,
            "count": 1,
            "self": 0.09400600000000736,
            "children": {
                "TrainerController._reset_env": {
                    "total": 16.8225153,
                    "count": 1,
                    "self": 16.8225153
                },
                "TrainerController.advance": {
                    "total": 125.76450519999999,
                    "count": 2880,
                    "self": 0.08952229999989925,
                    "children": {
                        "env_step": {
                            "total": 74.57251759999964,
                            "count": 2880,
                            "self": 69.23084590000036,
                            "children": {
                                "SubprocessEnvManager._take_step": {
                                    "total": 5.293776799999474,
                                    "count": 2880,
                                    "self": 0.3119443999990992,
                                    "children": {
                                        "TorchPolicy.evaluate": {
                                            "total": 4.981832400000375,
                                            "count": 2757,
                                            "self": 4.981832400000375
                                        }
                                    }
                                },
                                "workers": {
                                    "total": 0.04789489999980745,
                                    "count": 2879,
                                    "self": 0.0,
                                    "children": {
                                        "worker_root": {
                                            "total": 118.08044429999964,
                                            "count": 2879,
                                            "is_parallel": true,
                                            "self": 71.2997364000002,
                                            "children": {
                                                "steps_from_proto": {
                                                    "total": 0.005175200000000046,
                                                    "count": 1,
                                                    "is_parallel": true,
                                                    "self": 0.0017876999999995036,