{
    "name": "root",
    "gauges": {
        "HunterControl.Policy.Entropy.mean": {
            "value": 1.300858736038208,
            "min": 1.300858736038208,
            "max": 1.419106364250183,
            "count": 22
        },
        "HunterControl.Policy.Entropy.sum": {
            "value": 65110.58203125,
            "min": 64899.69140625,
            "max": 76887.1796875,
            "count": 22
        },
        "HunterControl.Environment.EpisodeLength.mean": {
            "value": 37.27329192546584,
            "min": 26.69449081803005,
            "max": 159.14928909952607,
            "count": 22
        },
        "HunterControl.Environment.EpisodeLength.sum": {
            "value": 48008.0,
            "min": 22306.0,
            "max": 67161.0,
            "count": 22
        },
        "HunterControl.Step.mean": {
            "value": 1099996.0,
            "min": 49987.0,
            "max": 1099996.0,
            "count": 22
        },
        "HunterControl.Step.sum": {
            "value": 1099996.0,
            "min": 49987.0,
            "max": 1099996.0,
            "count": 22
        },
        "HunterControl.Policy.ExtrinsicValueEstimate.mean": {
            "value": 0.8024683594703674,
            "min": 0.1664256751537323,
            "max": 3.2655928134918213,
            "count": 22
        },
        "HunterControl.Policy.ExtrinsicValueEstimate.sum": {
            "value": 1181.2333984375,
            "min": 144.1246337890625,
            "max": 6028.2841796875,
            "count": 22
        },
        "HunterControl.Environment.CumulativeReward.mean": {
            "value": 3.4899068322981366,
            "min": 0.3105590062111801,
            "max": 9.595261599210266,
            "count": 22
        },
        "HunterControl.Environment.CumulativeReward.sum": {
            "value": 4495.0,
            "min": 50.0,
            "max": 15575.0,
            "count": 22
        },
        "HunterControl.Policy.ExtrinsicReward.mean": {
            "value": 3.4899068322981366,
            "min": 0.3105590062111801,
            "max": 9.595261599210266,
            "count": 22
        },
        "HunterControl.Policy.ExtrinsicReward.sum": {
            "value": 4495.0,
            "min": 50.0,
            "max": 15575.0,
            "count": 22
        },
        "HunterControl.Losses.PolicyLoss.mean": {
            "value": 0.022383987059001808,
            "min": 0.02191256732980643,
            "max": 0.025974709537598152,
            "count": 22
        },
        "HunterControl.Losses.PolicyLoss.sum": {
            "value": 0.11191993529500904,
            "min": 0.08872014437705122,
            "max": 0.12987354768799075,
            "count": 22
        },
        "HunterControl.Losses.ValueLoss.mean": {
            "value": 4.677997730573018,
            "min": 0.9275359642389533,
            "max": 4.987774222691852,
            "count": 22
        },
        "HunterControl.Losses.ValueLoss.sum": {
            "value": 23.38998865286509,
            "min": 3.7101438569558134,
            "max": 24.938871113459264,
            "count": 22
        },
        "HunterControl.Policy.LearningRate.mean": {
            "value": 0.00013869632376791,
            "min": 0.00013869632376791,
            "max": 0.0002953977390340875,
            "count": 22
        },
        "HunterControl.Policy.LearningRate.sum": {
            "value": 0.0006934816188395499,
            "min": 0.0006750286749905002,
            "max": 0.0014416048694650496,
            "count": 22
        },
        "HunterControl.Policy.Epsilon.mean": {
            "value": 0.14623209000000004,
            "min": 0.14623209000000004,
            "max": 0.19846591250000004,
            "count": 22
        },
        "HunterControl.Policy.Epsilon.sum": {
            "value": 0.7311604500000002,
            "min": 0.6250095000000001,
            "max": 0.9805349500000002,
            "count": 22
        },
        "HunterControl.Policy.Beta.mean": {
            "value": 0.002316981291,
            "min": 0.002316981291,
            "max": 0.00492344903375,
            "count": 22
        },
        "HunterControl.Policy.Beta.sum": {
            "value": 0.011584906455,
            "min": 0.011267974050000002,
            "max": 0.024028694005000004,
            "count": 22
        },
        "HunterControl.IsTraining.mean": {
            "value": 1.0,
            "min": 1.0,
            "max": 1.0,
            "count": 22
        },
        "HunterControl.IsTraining.sum": {
            "value": 1.0,
            "min": 1.0,
            "max": 1.0,
            "count": 22
        },
        "AgentControl.Policy.Entropy.mean": {
            "value": 1.1853944063186646,
            "min": 1.1853944063186646,
            "max": 1.4182599782943726,
            "count": 22
        },
        "AgentControl.Policy.Entropy.sum": {
            "value": 59331.36328125,
            "min": 59331.36328125,
            "max": 76841.328125,
            "count": 22
        },
        "AgentControl.Environment.EpisodeLength.mean": {
            "value": 37.27329192546584,
            "min": 26.69449081803005,
            "max": 159.14928909952607,
            "count": 22
        },
        "AgentControl.Environment.EpisodeLength.sum": {
            "value": 48008.0,
            "min": 22306.0,
            "max": 67161.0,
            "count": 22
        },
        "AgentControl.Step.mean": {
            "value": 1099996.0,
            "min": 49987.0,
            "max": 1099996.0,
            "count": 22
        },
        "AgentControl.Step.sum": {
            "value": 1099996.0,
            "min": 49987.0,
            "max": 1099996.0,
            "count": 22
        },
        "AgentControl.Policy.ExtrinsicValueEstimate.mean": {
            "value": 2.6876220703125,
            "min": -2.189581871032715,
            "max": 2.8871912956237793,
            "count": 22
        },
        "AgentControl.Policy.ExtrinsicValueEstimate.sum": {
            "value": 3956.1796875,
            "min": -4041.968017578125,
            "max": 4235.6611328125,
            "count": 22
        },
        "AgentControl.Environment.CumulativeReward.mean": {
            "value": 15.997670807453416,
            "min": -8.478260869565217,
            "max": 16.98707592891761,
            "count": 22
        },
        "AgentControl.Environment.CumulativeReward.sum": {
            "value": 20605.0,
            "min": -8928.0,
            "max": 21462.0,
            "count": 22
        },
        "AgentControl.Policy.ExtrinsicReward.mean": {
            "value": 15.997670807453416,
            "min": -8.478260869565217,
            "max": 16.98707592891761,
            "count": 22
        },
        "AgentControl.Policy.ExtrinsicReward.sum": {
            "value": 20605.0,
            "min": -8928.0,
            "max": 21462.0,
            "count": 22
        },
        "AgentControl.Losses.PolicyLoss.mean": {
            "value": 0.025582412063789278,
            "min": 0.021302129019701778,
            "max": 0.027202540113357827,
            "count": 22
        },
        "AgentControl.Losses.PolicyLoss.sum": {
            "value": 0.1279120603189464,
            "min": 0.0945688384280705,
            "max": 0.13601270056678913,
            "count": 22
        },
        "AgentControl.Losses.ValueLoss.mean": {
            "value": 19.26713255564372,
            "min": 1.8763597410220605,
            "max": 19.693324864705403,
            "count": 22
        },
        "AgentControl.Losses.ValueLoss.sum": {
            "value": 96.33566277821859,
            "min": 7.505438964088242,
            "max": 98.46662432352701,
            "count": 22
        },
        "AgentControl.Policy.LearningRate.mean": {
            "value": 0.00013869632376791,
            "min": 0.00013869632376791,
            "max": 0.0002953977390340875,
            "count": 22
        },